{
    "identifier": "StockCode",
    "text_file_delimiter": ",",
    "text_file_contains_header":"yes",
    "rules": [
        {
            "type": "Date_check",
            "Rule Number" : "Trade_Date_check_3",
            "columns": ["TradeDate"],
            "Category": "Warning",
            "days": 1,
            "description": "acceptable if trade date is having only 1 day difference"
        },
        {
            "type": "String_Check",
            "Rule Number" : "String_check_4",
            "columns": ["CompanyName", "Sector"],
            "Category": "Joshi",
            "description": "acceptable if trade date is having only 1 day difference"
        },
        {
            "type": "tolerance_check",
            "Rule Number": "tolerance_check_1",
            "columns": ["Open","Close"],
            "acceptable": 4,
            "warning": {"min": 4, "max": 10},
            "fatal": {"min": 10},
            "description": "Differences are acceptable if < 3, warnings if 3 < difference < 10, fatal if > 10"
        },
        {
            "type": "Market_Cap_check",
            "Rule Number": "Market_Cap_check2",
            "Category": "ABC",
            "columns": ["MarketCap"],
            "threshold": 1,
            "description": "Market Cap > Original Market Cap + delta is fatal if delta >= 0.1"
        },
        {
            "type": "ignore_differences",
            "columns": ["ABC"],
            "description": "Ignoring differences in Time"
        },
        {
            "type": "ABC_check",
            "columns": ["Volume"],
            "acceptable": 100,
            "description": "Ignoring differences in Time"
        }
    ]
}
