{
    "identifier": "StockCode",
    "text_file_delimiter": ",",
    "text_file_contains_header":"yes",
    "rules":{
        "TradeDate": [
            {
                "type": "Date_check",
                "Rule Number" : "Trade_Date_check_3",
                "columns": ["TradeDate"],
                "category": "Warning",
                "constraints": {
                    "min": 0,
                    "max":1
                },
                "description": "acceptable if trade date is having only 1 day difference"
            }
        ],
        "CompanyName": [
            {
                "type": "String_Check",
                "Rule Number" : "String_check_4",
                "columns": ["CompanyName"],
                "category": "Joshi",
                "description": "acceptable if trade date is having only 1 day difference"
            }
        ],
        "Sector": [
            {
                "type": "String_Check",
                "Rule Number" : "String_check_4",
                "columns": ["Sector"],
                "category": "Joshi",
                "description": "acceptable if trade date is having only 1 day difference"
            }
        ],
        "Open": [
            {
                "type": "tolerance_check",
                "Rule Number": "tolerance_check_1",
                "columns": ["Open"],
                "constraints": {
                    "min": 3,
                    "max":10
                },
                "description": "Differences are acceptable if <= 3, warnings if 3 < difference < 10, fatal if > 10"
            }
        ],
        "Close": [
            {
                "type": "tolerance_check",
                "Rule Number": "tolerance_check_1",
                "columns": ["Close"],
                "constraints": {
                    "min": 3,
                    "max":10
                },
                "description": "Differences are acceptable if <= 3, warnings if 3 < difference < 10, fatal if > 10"
            }
        ],
        "MarketCap": [
            {
                "type": "Market_Cap_check",
                "Rule Number": "Market_Cap_check2",
                "category": "ABC",
                "columns": ["MarketCap"],
                "constraints": {
                    "min": 0.1
                },
                "description": "Market Cap > Original Market Cap + delta is fatal if delta >= 0.1"
            }
        ]
    }
}
