{
    "input_base_dir_baseline": "/Users/achal/OneDrive/Documents/GitHub/ComparisonTrade/src",
    "input_base_dir_candidate": "/Users/achal/OneDrive/Documents/GitHub/ComparisonTrade/src",
    "output_base_dir": "/Users/achal/OneDrive/Documents/GitHub/ComparisonTrade",
    
    "input_file_baseline": "{input_base_dir_baseline}/prod/order_book_1.txt",
    "input_file_candidate": "{input_base_dir_candidate}/prod/order_book_2.txt",
    "output_file_result": "{output_base_dir}/output/20250214/result.xlsx"
}
