{
    "identifier": "id",
    "rules": {
      "messageGroup": [
        {
          "type": "Numerical check",
          "rulenumber": "TC-001",
          "columns": [
            "messageGroup"
          ],
          "description": "The messageGroup must be a valid numerical identifier for the message type.",
          "constraints": {
            "min": 1,
            "max": 20
          },
          "classification": {
            "min": "classification1",
            "max": "classification2",
            "min_max": "classification3",
            "other": "classification4"
          },
          "valid_values": [
            10
          ],
          "default_value": 10
        },
        {
          "type": "Numerical check",
          "rulenumber": "TC-002",
          "columns": [
            "messageGroup"
          ],
          "description": "The messageGroup must be a positive integer.",
          "constraints": {
            "min": 1
          },
          "classification": {
            "min": "classification1",
            "max": "classification2",
            "min_max": "classification3",
            "other": "classification4"
          }
        }
      ],
      "messageId": [
        {
          "type": "Numerical check",
          "rulenumber": "TC-003",
          "columns": [
            "messageId"
          ],
          "description": "The messageId must be a valid integer representing the unique identifier for the message.",
          "constraints": {
            "min": 1,
            "max": 17
          },
          "classification": {
            "min": "classification1",
            "max": "classification2",
            "min_max": "classification3",
            "other": "classification4"
          },
          "valid_values": [
            9,
            10,
            11,
            16,
            17
          ]
        },
        {
          "type": "Dependency check",
          "rulenumber": "TC-004",
          "columns": [
            "messageId"
          ],
          "constraints": {
            "min": 0,
            "max": 1
          },
          "classification": {
            "min": "classification1",
            "max": "classification2",
            "min_max": "classification3",
            "other": "classification4"
          },
          "description": "The messageId must correspond to a valid message group.",
          "relations": [
            "messageGroup"
          ]
        }
      ],
      "timestamp": [
        {
          "type": "Date check",
          "rulenumber": "TC-005",
          "columns": [
            "timestamp"
          ],
          "constraints": {
            "min": 0,
            "max": 1
          },
          "classification": {
            "min": "classification1",
            "max": "classification2",
            "min_max": "classification3",
            "other": "classification4"
          },
          "description": "The timestamp must be a valid Unix timestamp representing the time the message was sent.",
          "format": "Unix timestamp"
        },
        {
          "type": "Date check",
          "rulenumber": "TC-006",
          "columns": [
            "timestamp"
          ],
          "constraints": {
            "min": 0,
            "max": 1
          },
          "classification": {
            "min": "classification1",
            "max": "classification2",
            "min_max": "classification3",
            "other": "classification4"
          },
          "description": "The timestamp must be in UTC time.",
          "format": "UTC time"
        },
        {
          "type": "Day difference check",
          "rulenumber": "TC-007",
          "columns": [
            "timestamp"
          ],
          "constraints": {
            "min": 172800
          },
          "classification": {
            "min": "classification1",
            "max": "classification2",
            "min_max": "classification3",
            "other": "classification4"
          },
          "description": "The timestamp must be in nanoseconds since epoch.",
          "format": "nanoseconds since epoch"
        }
      ],
      "id": [
        {
          "type": "Numerical check",
          "rulenumber": "TC-008",
          "columns": [
            "orderBookId"
          ],
          "description": "The orderBookId must be a valid integer representing the order book the index price is for.",
          "constraints": {
            "min": 1
          },
          "classification": {
            "min": "classification1",
            "max": "classification2",
            "min_max": "classification3",
            "other": "classification4"
          },
          "format": "Integer"
        },
        {
          "type": "Numerical check",
          "rulenumber": "TC-008",
          "columns": [
            "price"
          ],
          "description": "The price must be a valid long integer representing the index price.",
          "constraints": {
            "min": 0
          },
          "classification": {
            "min": "classification1",
            "max": "classification2",
            "min_max": "classification3",
            "other": "classification4"
          },
          "format": "Long"
        },
        {
          "type": "Numerical check",
          "rulenumber": "TC-009",
          "columns": [
            "changePrevious"
          ],
          "description": "The changePrevious must be a valid integer representing the percentage change since previous corresponding information dissemination.",
          "constraints": {
            "min": 0,
            "max": 100
          },
          "classification": {
            "min": "classification1",
            "max": "classification2",
            "min_max": "classification3",
            "other": "classification4"
          },
          "format": "Integer"
        },
        {
          "type": "Numerical check",
          "rulenumber": "TC-010",
          "columns": [
            "changeYesterday"
          ],
          "description": "The changeYesterday must be a valid integer representing the percentage change compared to the previous day's value.",
          "constraints": {
            "min": 0,
            "max": 100
          },
          "classification": {
            "min": "classification1",
            "max": "classification2",
            "min_max": "classification3",
            "other": "classification4"
          },
          "format": "Integer"
        },
        {
          "type": "Numerical check",
          "rulenumber": "TC-011",
          "columns": [
            "pointsOfMovement"
          ],
          "description": "The pointsOfMovement must be a valid integer representing the change between two index values expressed as number of points.",
          "constraints": {
            "min": 0,
            "max": 10000
          },
          "classification": {
            "min": "classification1",
            "max": "classification2",
            "min_max": "classification3",
            "other": "classification4"
          },
          "format": "Integer"
        },
        {
          "type": "String check",
          "rulenumber": "TC-012",
          "columns": [
            "calculationTime"
          ],
          "constraints": {
            "ignorecase": "yes"
          },
          "classification": {
            "min": "classification1",
            "max": "classification2",
            "min_max": "classification3",
            "other": "classification4"
          },
          "description": "The calculationTime must be a valid string representing the date and time of the Index Price calculation in UTC.",
          "format": "Char[]"
        },
        {
          "type": "String check",
          "rulenumber": "TC-013",
          "columns": [
            "distributionTime"
          ],
          "constraints": {
            "ignorecase": "yes"
          },
          "classification": {
            "min": "classification1",
            "max": "classification2",
            "min_max": "classification3",
            "other": "classification4"
          },
          "description": "The distributionTime must be a valid string representing the date and time of the Index Price distribution in UTC.",
          "format": "Char[]"
        }
      ],
      "name": [
        {
          "type": "String check",
          "rulenumber": "TC-014",
          "columns": [
            "name"
          ],
          "constraints": {
            "ignorecase": "yes"
          },
          "classification": {
            "min": "classification1",
            "max": "classification2",
            "min_max": "classification3",
            "other": "classification4"
          },
          "description": "The participantLongName must be a string representing the full name of the participant.",
          "format": "String"
        },
        {
          "type": "Predefined values check",
          "rulenumber": "TC-015",
          "columns": [
            "name"
          ],
          "constraints": {
            "min": 0
          },
          "classification": {
            "min": "classification1",
            "max": "classification2",
            "min_max": "classification3",
            "other": "classification4"
          },
          "description": "The participantType must be one of the predefined acceptable values.",
          "valid_values": [
            "1",
            "2",
            "3",
            "4",
            "5",
            "6",
            "7"
          ]
        },
        {
          "type": "Predefined values check",
          "rulenumber": "TC-016",
          "columns": [
            "action"
          ],
          "constraints": {
            "min": 0
          },
          "classification": {
            "min": "classification1",
            "max": "classification2",
            "min_max": "classification3",
            "other": "classification4"
          },
          "description": "The action must be one of the predefined acceptable values.",
          "valid_values": [
            "1",
            "2",
            "3"
          ]
        },
        {
          "type": "Predefined values check",
          "rulenumber": "TC-017",
          "columns": [
            "side"
          ],
          "constraints": {
            "min": 0
          },
          "classification": {
            "min": "classification1",
            "max": "classification2",
            "min_max": "classification3",
            "other": "classification4"
          },
          "description": "The side must be either 1 (Buyer) or 2 (Seller).",
          "valid_values": [
            "1",
            "2"
          ]
        },
        {
          "type": "Numerical check",
          "rulenumber": "TC-018",
          "columns": [
            "quantity"
          ],
          "description": "The quantity must be a long integer representing the quantity of the order.",
          "constraints": {
            "min": 0
          },
          "classification": {
            "min": "classification1",
            "max": "classification2",
            "min_max": "classification3",
            "other": "classification4"
          }
        },
        {
          "type": "Numerical check",
          "rulenumber": "TC-019",
          "columns": [
            "onBehalfOfSubmitterId"
          ],
          "description": "The onBehalfOfSubmitterId must be an integer representing the user who entered the request.",
          "constraints": {
            "min": 0
          },
          "classification": {
            "min": "classification1",
            "max": "classification2",
            "min_max": "classification3",
            "other": "classification4"
          }
        },
        {
          "type": "String check",
          "rulenumber": "TC-020",
          "columns": [
            "sessionSequenceName"
          ],
          "constraints": {
            "ignorecase": "yes"
          },
          "classification": {
            "min": "classification1",
            "max": "classification2",
            "min_max": "classification3",
            "other": "classification4"
          },
          "description": "The sessionSequenceName must be a string representing the session sequence name of the triggered circuit breaker.",
          "format": "String"
        },
        {
          "type": "Predefined values check",
          "rulenumber": "TC-021",
          "columns": [
            "trendIndicator"
          ],
          "constraints": {
            "min": 0
          },
          "classification": {
            "min": "classification1",
            "max": "classification2",
            "min_max": "classification3",
            "other": "classification4"
          },
          "description": "The trendIndicator must be one of the predefined acceptable values.",
          "valid_values": [
            "+",
            "-",
            "=",
            "<null>"
          ]
        },
        {
          "type": "Predefined values check",
          "rulenumber": "TC-022",
          "columns": [
            "reason"
          ],
          "constraints": {
            "min": 0
          },
          "classification": {
            "min": "classification1",
            "max": "classification2",
            "min_max": "classification3",
            "other": "classification4"
          },
          "description": "The reason must be one of the predefined acceptable values.",
          "valid_values": [
            "0",
            "1",
            "2",
            "3",
            "4",
            "5",
            "6",
            "7"
          ]
        },
        {
          "type": "Numerical check",
          "rulenumber": "TC-023",
          "columns": [
            "name"
          ],
          "description": "The timestamp must be a long integer representing the time of the event.",
          "constraints": {
            "min": 0
          },
          "classification": {
            "min": "classification1",
            "max": "classification2",
            "min_max": "classification3",
            "other": "classification4"
          }
        },
        {
          "type": "Numerical check",
          "rulenumber": "TC-024",
          "columns": [
            "orderBookId"
          ],
          "description": "The orderBookId must be an integer representing the order book ID.",
          "constraints": {
            "min": 0
          },
          "classification": {
            "min": "classification1",
            "max": "classification2",
            "min_max": "classification3",
            "other": "classification4"
          }
        },
        {
          "type": "Numerical check",
          "rulenumber": "TC-025",
          "columns": [
            "equilibriumPrice"
          ],
          "description": "The equilibriumPrice must be a long integer representing the equilibrium price.",
          "constraints": {
            "min": 0
          },
          "classification": {
            "min": "classification1",
            "max": "classification2",
            "min_max": "classification3",
            "other": "classification4"
          }
        },
        {
          "type": "Numerical check",
          "rulenumber": "TC-026",
          "columns": [
            "bidQuantity"
          ],
          "description": "The bidQuantity must be a long integer representing the bid quantity.",
          "constraints": {
            "min": 0
          },
          "classification": {
            "min": "classification1",
            "max": "classification2",
            "min_max": "classification3",
            "other": "classification4"
          }
        },
        {
          "type": "Numerical check",
          "rulenumber": "TC-027",
          "columns": [
            "offerQuantity"
          ],
          "description": "The offerQuantity must be a long integer representing the offer quantity.",
          "constraints": {
            "min": 0
          },
          "classification": {
            "min": "classification1",
            "max": "classification2",
            "min_max": "classification3",
            "other": "classification4"
          }
        },
        {
          "type": "Numerical check",
          "rulenumber": "TC-028",
          "columns": [
            "bidImbalanceQuantity"
          ],
          "description": "The bidImbalanceQuantity must be a long integer representing the bid imbalance quantity.",
          "constraints": {
            "min": 0
          },
          "classification": {
            "min": "classification1",
            "max": "classification2",
            "min_max": "classification3",
            "other": "classification4"
          }
        },
        {
          "type": "Numerical check",
          "rulenumber": "TC-029",
          "columns": [
            "offerImbalanceQuantity"
          ],
          "description": "The offerImbalanceQuantity must be a long integer representing the offer imbalance quantity.",
          "constraints": {
            "min": 0
          },
          "classification": {
            "min": "classification1",
            "max": "classification2",
            "min_max": "classification3",
            "other": "classification4"
          }
        },
        {
          "type": "Numerical check",
          "rulenumber": "TC-030",
          "columns": [
            "bestBidPrice"
          ],
          "description": "The bestBidPrice must be a long integer representing the best bid price.",
          "constraints": {
            "min": 0
          },
          "classification": {
            "min": "classification1",
            "max": "classification2",
            "min_max": "classification3",
            "other": "classification4"
          }
        },
        {
          "type": "Numerical check",
          "rulenumber": "TC-031",
          "columns": [
            "bestBidQuantity"
          ],
          "description": "The bestBidQuantity must be a long integer representing the best bid quantity.",
          "constraints": {
            "min": 0
          },
          "classification": {
            "min": "classification1",
            "max": "classification2",
            "min_max": "classification3",
            "other": "classification4"
          }
        },
        {
          "type": "Numerical check",
          "rulenumber": "TC-032",
          "columns": [
            "bestOfferPrice"
          ],
          "description": "The bestOfferPrice must be a long integer representing the best offer price.",
          "constraints": {
            "min": 0
          },
          "classification": {
            "min": "classification1",
            "max": "classification2",
            "min_max": "classification3",
            "other": "classification4"
          }
        },
        {
          "type": "Numerical check",
          "rulenumber": "TC-033",
          "columns": [
            "bestOfferQuantity"
          ],
          "description": "The bestOfferQuantity must be a long integer representing the best offer quantity.",
          "constraints": {
            "min": 0
          },
          "classification": {
            "min": "classification1",
            "max": "classification2",
            "min_max": "classification3",
            "other": "classification4"
          }
        }
      ],
      "exchangeId": [
        {
          "type": "Numerical check",
          "rulenumber": "TC-034",
          "columns": [
            "exchangeId"
          ],
          "description": "The exchangeId must be a numeric value.",
          "constraints": {
            "min": 0
          },
          "classification": {
            "min": "classification1",
            "max": "classification2",
            "min_max": "classification3",
            "other": "classification4"
          },
          "format": "Short"
        },
        {
          "type": "Uniqueness check",
          "rulenumber": "TC-035",
          "columns": [
            "exchangeId"
          ],
          "description": "The exchangeId must be unique for each exchange.",
          "relations": [
            "exchangeName"
          ]
        }
      ],
      "marketId": [
        {
          "type": "Numerical check",
          "rulenumber": "TC-036",
          "columns": [
            "marketId"
          ],
          "description": "The marketId must be a valid integer representing the numeric identification of the market making participant.",
          "constraints": {
            "min": 1
          },
          "classification": {
            "min": "classification1",
            "max": "classification2",
            "min_max": "classification3",
            "other": "classification4"
          },
          "format": "Integer"
        },
        {
          "type": "Existence check",
          "rulenumber": "TC-037",
          "columns": [
            "marketId"
          ],
          "description": "The marketId must exist and be associated with a valid participantId.",
          "relations": [
            "participantId"
          ]
        }
      ],
      "instrumentGroupId": [
        {
          "type": "Numerical check",
          "rulenumber": "TC-038",
          "columns": [
            "instrumentGroupId"
          ],
          "description": "The instrumentGroupId must be a valid numeric identification of the instrument group.",
          "constraints": {
            "min": 0
          },
          "classification": {
            "min": "classification1",
            "max": "classification2",
            "min_max": "classification3",
            "other": "classification4"
          },
          "format": "Integer"
        },
        {
          "type": "Conditional presence",
          "rulenumber": "TC-039",
          "columns": [
            "instrumentGroupId"
          ],
          "description": "The instrumentGroupId field is only populated if the destinationLevel is Instrument.",
          "relations": [
            "destinationLevel"
          ]
        }
      ],
      "modifier": [
        {
          "type": "Numerical check",
          "rulenumber": "TC-040",
          "columns": [
            "orderBookId"
          ],
          "description": "The orderBookId must be a valid integer identifier for the order book.",
          "constraints": {
            "min": 1
          },
          "classification": {
            "min": "classification1",
            "max": "classification2",
            "min_max": "classification3",
            "other": "classification4"
          },
          "format": "Integer"
        },
        {
          "type": "Date check",
          "rulenumber": "TC-041",
          "columns": [
            "businessDate"
          ],
          "description": "The businessDate must be a valid long integer representing the current business date at the time of the event in UTC time.",
          "format": "Unix timestamp"
        },
        {
          "type": "Date check",
          "rulenumber": "TC-042",
          "columns": [
            "clearingDate"
          ],
          "description": "The clearingDate must be a valid short integer representing the current clearing date at the time of the event in UTC time.",
          "format": "Unix timestamp"
        },
        {
          "type": "Numerical check",
          "rulenumber": "TC-043",
          "columns": [
            "participantId"
          ],
          "description": "The participantId must be a valid integer identifier for the market making participant to which the protection quantities apply.",
          "constraints": {
            "min": 1
          },
          "classification": {
            "min": "classification1",
            "max": "classification2",
            "min_max": "classification3",
            "other": "classification4"
          },
          "format": "Integer"
        },
        {
          "type": "Numerical check",
          "rulenumber": "TC-044",
          "columns": [
            "underlyingId"
          ],
          "description": "The underlyingId must be a valid integer identifier for the underlying instrument to which the protection quantities apply.",
          "constraints": {
            "min": 1
          },
          "classification": {
            "min": "classification1",
            "max": "classification2",
            "min_max": "classification3",
            "other": "classification4"
          },
          "format": "Integer"
        },
        {
          "type": "Numerical check",
          "rulenumber": "TC-045",
          "columns": [
            "calculatedQuantityProtection"
          ],
          "description": "The calculatedQuantityProtection must be a valid long integer representing the calculated quantity value for market maker protection.",
          "constraints": {
            "min": 0
          },
          "classification": {
            "min": "classification1",
            "max": "classification2",
            "min_max": "classification3",
            "other": "classification4"
          },
          "format": "Long"
        },
        {
          "type": "Numerical check",
          "rulenumber": "TC-046",
          "columns": [
            "calculatedDeltaQuantityProtection"
          ],
          "description": "The calculatedDeltaQuantityProtection must be a valid long integer representing the calculated delta quantity value for market maker protection.",
          "constraints": {
            "min": 0
          },
          "classification": {
            "min": "classification1",
            "max": "classification2",
            "min_max": "classification3",
            "other": "classification4"
          },
          "format": "Long"
        },
        {
          "type": "Date check",
          "rulenumber": "TC-047",
          "columns": [
            "modifier"
          ],
          "description": "The timestamp must be a valid long integer representing the time of issue of the new calculated quantity protection values in UTC time.",
          "format": "Unix timestamp"
        },
        {
          "type": "Numerical check",
          "rulenumber": "TC-048",
          "columns": [
            "openBalance"
          ],
          "description": "The openBalance must be a valid long integer representing the open balance from yesterday.",
          "constraints": {
            "min": 0
          },
          "classification": {
            "min": "classification1",
            "max": "classification2",
            "min_max": "classification3",
            "other": "classification4"
          },
          "format": "Long"
        }
      ],
      "underlyingId": [
        {
          "type": "Integer check",
          "rulenumber": "TC-049",
          "columns": [
            "underlyingId"
          ],
          "description": "The underlyingId must be an integer value.",
          "constraints": {
            "min": 1
          },
          "relations": [
            "orderBookId"
          ],
          "exclusions": [
            "If the instrument does not have an underlying instrument."
          ]
        },
        {
          "type": "Existence check",
          "rulenumber": "TC-050",
          "columns": [
            "underlyingId"
          ],
          "description": "The underlyingId must always be set, even for cash instruments that do not have an underlying instrument.",
          "exclusions": [
            "None"
          ]
        }
      ],
      "strikePrice": [
        {
          "type": "Numerical check",
          "rulenumber": "TC-051",
          "columns": [
            "strikePrice"
          ],
          "description": "The strike price must be a positive value.",
          "constraints": {
            "min": 0
          },
          "classification": {
            "min": "classification1",
            "max": "classification2",
            "min_max": "classification3",
            "other": "classification4"
          },
          "format": "Long"
        },
        {
          "type": "Numerical check",
          "rulenumber": "TC-052",
          "columns": [
            "strikePrice"
          ],
          "description": "The strike price must not exceed the upper limit defined for the order book.",
          "constraints": {
            "max": 1
          },
          "classification": {
            "min": "classification1",
            "max": "classification2",
            "min_max": "classification3",
            "other": "classification4"
          },
          "relations": [
            "upperLimit"
          ]
        },
        {
          "type": "Numerical check",
          "rulenumber": "TC-053",
          "columns": [
            "strikePrice"
          ],
          "description": "The strike price must not be below the lower limit defined for the order book.",
          "constraints": {
            "min": 0
          },
          "classification": {
            "min": "classification1",
            "max": "classification2",
            "min_max": "classification3",
            "other": "classification4"
          },
          "relations": [
            "lowerLimit"
          ]
        }
      ],
      "expirationDate": [
        {
          "type": "Date check",
          "rulenumber": "TC-054",
          "columns": [
            "expirationDate"
          ],
          "description": "The expiration date for this order book must be a valid date.",
          "format": "Bit pattern with seven most significant bits for year, next four for month, and five least significant bits for day. The year-field starts counting from 1990."
        },
        {
          "type": "Numerical check",
          "rulenumber": "TC-055",
          "columns": [
            "expirationDate"
          ],
          "description": "The expiration date must be a non-negative integer.",
          "constraints": {
            "min": 0
          },
          "classification": {
            "min": "classification1",
            "max": "classification2",
            "min_max": "classification3",
            "other": "classification4"
          }
        },
        {
          "type": "Dependency check",
          "rulenumber": "TC-056",
          "columns": [
            "expirationDate"
          ],
          "description": "The expiration date should be set to 0 if the order book is not a derivative.",
          "valid_values": [
            0
          ],
          "exclusions": [
            "If the order book is a derivative"
          ]
        }
      ],
      "firstTradingDate": [
        {
          "type": "Date check",
          "rulenumber": "TC-057",
          "columns": [
            "firstTradingDate"
          ],
          "description": "The firstTradingDate must be a valid date in UTC time.",
          "format": "Unix timestamp",
          "exclusions": []
        },
        {
          "type": "Date check",
          "rulenumber": "TC-058",
          "columns": [
            "firstTradingDate"
          ],
          "description": "The firstTradingDate must be in the past or present, not a future date.",
          "constraints": {
            "max": 1
          },
          "exclusions": []
        }
      ],
      "lastTradingDate": [
        {
          "type": "Date check",
          "rulenumber": "TC-059",
          "columns": [
            "lastTradingDate"
          ],
          "description": "The last trading date must be a valid date in UTC format.",
          "format": "UTC time"
        },
        {
          "type": "Date check",
          "rulenumber": "TC-060",
          "columns": [
            "lastTradingDate"
          ],
          "description": "The last trading date must be a valid business date.",
          "relations": [
            "businessDate"
          ]
        }
      ],
      "groupType": [
        {
          "type": "Value check",
          "rulenumber": "TC-061",
          "columns": [
            "groupType"
          ],
          "constraints": {
            "min": 0,
            "max": 100
          },
          "classification": {
            "min": "classification1",
            "max": "classification2",
            "min_max": "classification3",
            "other": "classification4"
          },
          "description": "groupType must be one of the predefined acceptable values.",
          "valid_values": [
            "0",
            "1",
            "2",
            "3",
            "4",
            "5",
            "6",
            "7",
            "8",
            "9",
            "10",
            "11",
            "12",
            "13",
            "14",
            "15"
          ]
        },
        {
          "type": "Default value",
          "rulenumber": "TC-062",
          "columns": [
            "groupType"
          ],
          "constraints": {
            "min": 1,
            "max": 10
          },
          "classification": {
            "min": "classification1",
            "max": "classification2",
            "min_max": "classification3",
            "other": "classification4"
          },
          "description": "Default value for groupType is 0 when it is undefined or not applicable.",
          "default_value": "0"
        }
      ],
      "optionType": [
        {
          "type": "Value check",
          "rulenumber":"TC-063",
          "columns": [
            "optionType"
          ],
          "description": "The optionType must be one of the predefined acceptable values.",
          "valid_values": [
            "0",
            "1",
            "2"
          ]
        },
        {
          "type": "Default value",
          "rulenumber": "TC-064",
          "columns": [
            "optionType"
          ],
          "description": "If optionType is not provided, it defaults to '0' (Undefined).",
          "default_value": "0"
        }
      ],
      "optionStyle": [
        {
          "type": "Value check",
          "rulenumber": "TC-065",
          "columns": [
            "optionStyle"
          ],
          "description": "The optionStyle parameter must have a valid value as defined in the specification.",
          "valid_values": [
            "1",
            "2",
            "3",
            "4"
          ]
        },
        {
          "type": "Dependency check",
          "rulenumber": "TC-066",
          "columns": [
            "optionStyle",
            "orderStatus"
          ],
          "description": "The optionStyle parameter is valid only when updating an order.",
          "relations": [
            "orderStatus"
          ]
        }
      ],
      "sector": [
        {
          "type": "Value check",
          "rulenumber": "TC-067",
          "columns": [
            "sector"
          ],
          "description": "The fixedIncomeType must be one of the predefined acceptable values.",
          "valid_values": [
            "0",
            "1",
            "2",
            "3",
            "4",
            "5",
            "6",
            "7",
            "8",
            "9"
          ]
        },
        {
          "type": "Value check",
          "rulenumber": "TC-068",
          "columns": [
            "sector"
          ],
          "description": "The dayCountConvention must be one of the predefined acceptable values.",
          "valid_values": [
            "0",
            "1",
            "2",
            "3",
            "4",
            "5",
            "6"
          ]
        },
        {
          "type": "Value check",
          "rulenumber": "TC-069",
          "columns": [
            "sector"
          ],
          "description": "The action must be one of the predefined acceptable values.",
          "valid_values": [
            "1",
            "2",
            "3"
          ]
        },
        {
          "type": "Value check",
          "rulenumber": "TC-070",
          "columns": [
            "sector"
          ],
          "description": "The OrderTypeAttributes must be one of the predefined acceptable values.",
          "valid_values": [
            "0",
            "1",
            "2",
            "4",
            "8",
            "16",
            "32",
            "64",
            "128",
            "256",
            "512",
            "1024"
          ]
        },
        {
          "type": "Value check",
          "rulenumber": "TC-071",
          "columns": [
            "sector"
          ],
          "description": "The OrderValidityAttributes must be one of the predefined acceptable values.",
          "valid_values": [
            "0",
            "1",
            "2",
            "4"
          ]
        },
        {
          "type": "Value check",
          "rulenumber": "TC-072",
          "columns": [
            "sector"
          ],
          "description": "The sector must be one of the predefined acceptable values.",
          "valid_values": [
            "0",
            "1",
            "2",
            "3",
            "4",
            "5",
            "6",
            "7"
          ]
        },
        {
          "type": "Value check",
          "rulenumber": "TC-073",
          "columns": [
            "sector"
          ],
          "description": "The optionType must be one of the predefined acceptable values.",
          "valid_values": [
            "0",
            "1",
            "2"
          ]
        },
        {
          "type": "Value check",
          "rulenumber": "TC-074",
          "columns": [
            "sector"
          ],
          "description": "The optionStyle must be one of the predefined acceptable values.",
          "valid_values": [
            "0",
            "1",
            "2",
            "3",
            "4",
            "5",
            "6",
            "7",
            "8"
          ]
        },
        {
          "type": "Value check",
          "rulenumber": "TC-075",
          "columns": [
            "sector"
          ],
          "description": "The currencyUnit must be one of the predefined acceptable values.",
          "valid_values": [
            "0",
            "1",
            "2"
          ]
        },
        {
          "type": "Value check",
          "rulenumber": "TC-076",
          "columns": [
            "sector"
          ],
          "description": "The priceUnit must be one of the predefined acceptable values.",
          "valid_values": [
            "0",
            "1",
            "2",
            "3",
            "4",
            "5",
            "6",
            "7",
            "8"
          ]
        },
        {
          "type": "Value check",
          "rulenumber": "TC-077",
          "columns": [
            "sector"
          ],
          "description": "The exchangeOrderType must be one of the predefined acceptable values.",
          "valid_values": [
            "0",
            "1",
            "2",
            "4",
            "8",
            "16",
            "32",
            "64",
            "128",
            "256",
            "512",
            "1024",
            "2048",
            "4096"
          ]
        },
        {
          "type": "Value check",
          "rulenumber": "TC-078",
          "columns": [
            "sector"
          ],
          "description": "The orderCategory must be one of the predefined acceptable values.",
          "valid_values": [
            "0",
            "1",
            "2",
            "4",
            "8",
            "16",
            "32",
            "64"
          ]
        },
        {
          "type": "Value check",
          "rulenumber": "TC-079",
          "columns": [
            "sector"
          ],
          "description": "The changeReason must be one of the predefined acceptable values.",
          "valid_values": [
            "0",
            "1",
            "3",
            "4",
            "5"
          ]
        }
      ],
      "currency": [
        {
          "type": "String check",
          "rulenumber": "TC-080",
          "columns": [
            "currency"
          ],
          "constraints": {
            "ignorecase": "yes"
          },
          "classification": {
            "min": "classification1",
            "max": "classification2",
            "min_max": "classification3",
            "other": "classification4"
          },
          "description": "The currency must be a valid ISO currency code.",
          "format": "ISO 4217"
        },
        {
          "type": "String check",
          "rulenumber": "TC-081",
          "columns": [
            "currency"
          ],
          "constraints": {
            "ignorecase": "yes"
          },
          "classification": {
            "min": "classification1",
            "max": "classification2",
            "min_max": "classification3",
            "other": "classification4"
          },
          "description": "The currency field should not be empty and must be a string."
        }
      ],
      "currencyUnit": [
        {
          "type": "Value check",
          "rulenumber": "TC-082",
          "columns": [
            "currencyUnit"
          ],
          "description": "The currencyUnit must be one of the predefined acceptable values.",
          "valid_values": [
            "0",
            "1",
            "2"
          ]
        },
        {
          "type": "Default value",
          "rulenumber": "TC-083",
          "columns": [
            "currencyUnit"
          ],
          "description": "If the currencyUnit is not specified, it should default to '0' (Undefined).",
          "default_value": "0"
        }
      ],
      "currencyRelation": [
        {
          "type": "Numerical check",
          "rulenumber": "TC-084",
          "columns": [
            "currencyRelation"
          ],
          "description": "The currencyRelation field specifies the relation between the second and the first unit. For instance, if the currency is USD and the currencyUnit is second, this field will be set to 100, indicating that there are 100 cents in a US dollar.",
          "constraints": {
            "min": 1
          },
          "classification": {
            "min": "classification1",
            "max": "classification2",
            "min_max": "classification3",
            "other": "classification4"
          }
        },
        {
          "type": "Dependency check",
          "rulenumber": "TC-085",
          "columns": [
            "currencyRelation",
            "currencyUnit"
          ],
          "description": "The currencyRelation field must be set if the currencyUnit is specified as the second unit.",
          "relations": [
            "currencyUnit"
          ]
        }
      ],
      "contractSize": [
        {
          "type": "Value check",
          "rulenumber": "TC-086",
          "columns": [
            "contractSize"
          ],
          "description": "Ensure that the contractSize is one of the predefined acceptable values.",
          "valid_values": [
            "0",
            "1",
            "2",
            "3",
            "4"
          ]
        },
        {
          "type": "Default value",
          "rulenumber":"TC-087",
          "columns": [
            "contractSize"
          ],
          "description": "Set a default value for contractSize if not provided.",
          "default_value": "0"
        }
      ],
      "priceQuotationFactor": [
        {
          "type": "Numerical check",
          "rulenumber": "TC-088",
          "columns": [
            "priceQuotationFactor"
          ],
          "description": "The priceQuotationFactor must be a positive integer.",
          "constraints": {
            "min": 1
          },
          "classification": {
            "min": "classification1",
            "max": "classification2",
            "min_max": "classification3",
            "other": "classification4"
          },
          "format": "Integer"
        },
        {
          "type": "Numerical check",
          "rulenumber": "TC-089",
          "columns": [
            "priceQuotationFactor"
          ],
          "description": "The priceQuotationFactor should not exceed the maximum allowable value for price-related fields.",
          "constraints": {
            "max": 999999999
          },
          "classification": {
            "min": "classification1",
            "max": "classification2",
            "min_max": "classification3",
            "other": "classification4"
          },
          "format": "Integer"
        }
      ],
      "priceUnit": [
        {
          "type": "String check",
          "rulenumber": "TC-090",
          "columns": [
            "priceUnit"
          ],
          "constraints": {
            "ignorecase": "yes"
          },
          "classification": {
            "min": "classification1",
            "max": "classification2",
            "min_max": "classification3",
            "other": "classification4"
          },
          "description": "The price unit must be a valid string representation of a price unit.",
          "valid_values": [
            "0",
            "1",
            "2",
            "3",
            "4",
            "5",
            "6",
            "7",
            "8"
          ]
        },
        {
          "type": "Numerical check",
          "rulenumber": "TC-091",
          "columns": [
            "priceUnit"
          ],
          "description": "The price unit must be a numerical value between 0 and 8.",
          "constraints": {
            "min": 0,
            "max": 8
          },
          "classification": {
            "min": "classification1",
            "max": "classification2",
            "min_max": "classification3",
            "other": "classification4"
          }
        }
      ],
      "tickSizes": [
        {
          "type": "Numerical check",
          "rulenumber": "TC-091",
          "format_type": "Array",
          "columns": [
            "tickSizes"
          ],
          "constraints": {
            "min": 1,
            "max": 10
          },
          "classification": {
            "min": "classification1",
            "max": "classification2",
            "min_max": "classification3",
            "other": "classification4"
          },
          "nested_identifier": [
            "lowerLimit",
            "upperLimit",
            "tickSize"
          ],
          "description": "Tick sizes must be a positive integer value.",
          "valid_values": [],
          "default_value": null,
          "exclusions": []
        },
        {
          "type": "Predefined values check",
          "rulenumber": "TC-092",
          "columns": [
            "tickSizes"
          ],
          "constraints": {
            "min": 10,
            "max": 50
          },
          "classification": {
            "min": "classification1",
            "max": "classification2",
            "min_max": "classification3",
            "other": "classification4"
          },
          "nested_identifier": [
            "lowerLimit",
            "upperLimit",
            "tickSize"
          ],
          "format_type": "Array",
          "description": "Tick sizes must be one of the predefined values.",
          "valid_values": [
            3,
            4,
            8,
            16,
            32,
            64
          ],
          "default_value": null,
          "exclusions": []
        }
      ],
      "decimalsInPrice": [
        {
          "type": "Numerical check",
          "rulenumber": "TC-093",
          "columns": [
            "decimalsInPrice"
          ],
          "description": "Ensure that the decimalsInPrice is a valid integer.",
          "constraints": {
            "min": 0
          },
          "classification": {
            "min": "classification1",
            "max": "classification2",
            "min_max": "classification3",
            "other": "classification4"
          },
          "format": "Integer"
        },
        {
          "type": "Range check",
          "rulenumber": "TC-094",
          "columns": [
            "decimalsInPrice"
          ],
          "description": "Ensure that the decimalsInPrice falls within a reasonable range for decimal places.",
          "constraints": {
            "min": 0,
            "max": 10
          },
          "format": "Integer"
        }
      ],
      "decimalsInStrikePrice": [
        {
          "type": "Numerical check",
          "rulenumber": "TC-095",
          "columns": [
            "decimalsInPrice"
          ],
          "description": "Ensure that the decimalsInPrice is an integer value.",
          "constraints": {
            "min": 0
          },
          "classification": {
            "min": "classification1",
            "max": "classification2",
            "min_max": "classification3",
            "other": "classification4"
          },
          "format": "Integer"
        },
        {
          "type": "Range check",
          "rulenumber": "TC-096",
          "columns": [
            "decimalsInPrice"
          ],
          "description": "The decimalsInPrice should be within a reasonable range to ensure valid price formatting.",
          "constraints": {
            "min": 0,
            "max": 10
          }
        }
      ],
      "decimalsInQuantity": [
        {
          "type": "Numerical check",
          "rulenumber": "TC-097",
          "columns": [
            "decimalsInPrice"
          ],
          "description": "The decimalsInPrice parameter must be an integer value.",
          "constraints": {
            "min": 0,
            "max": 10
          },
          "classification": {
            "min": "classification1",
            "max": "classification2",
            "min_max": "classification3",
            "other": "classification4"
          }
        },
        {
          "type": "Format check",
          "rulenumber": "TC-098",
          "columns": [
            "decimalsInPrice"
          ],
          "constraints": {
            "min": 0
          },
          "classification": {
            "min": "classification1",
            "max": "classification2",
            "min_max": "classification3",
            "other": "classification4"
          },
          "description": "The decimalsInPrice parameter must be a valid integer.",
          "format": "Integer"
        }
      ],
      "underlyingName": [
        {
          "type": "String check",
          "rulenumber": "TC-100",
          "columns": [
            "underlyingName"
          ],
          "constraints": {
            "ignorecase": "yes"
          },
          "classification": {
            "min": "classification1",
            "max": "classification2",
            "min_max": "classification3",
            "other": "classification4"
          },
          "description": "The underlyingName must be a string.",
          "format": "String"
        },
        {
          "type": "Length check",
          "rulenumber": "TC-101",
          "columns": [
            "underlyingName"
          ],
          "description": "The underlyingName must not exceed 80 characters.",
          "constraints": {
            "max": 80
          }
        }
      ],
      "issuerId": [
        {
          "type": "Integer check",
          "rulenumber": "TC-102",
          "columns": [
            "issuerId"
          ],
          "description": "The issuerId must be an integer value.",
          "constraints": {
            "min": 1
          },
          "format": "Integer"
        },
        {
          "type": "Existence check",
          "rulenumber": "TC-103",
          "columns": [
            "issuerId"
          ],
          "description": "The issuerId must be present and not null.",
          "constraints": {
            "min": 1
          }
        }
      ],
      "settlementDate": [
        {
          "type": "Date check",
          "rulenumber": "TC-104",
          "columns": [
            "settlementDate"
          ],
          "description": "The settlement date must be a valid date and time in UTC format.",
          "format": "UTC time"
        },
        {
          "type": "Numerical check",
          "rulenumber": "TC-105",
          "columns": [
            "settlementDate"
          ],
          "description": "The settlement date must be a positive integer representing the date and time in Unix timestamp format.",
          "constraints": {
            "min": 0
          },
          "classification": {
            "min": "classification1",
            "max": "classification2",
            "min_max": "classification3",
            "other": "classification4"
          }
        }
      ],
      "active": [
        {
          "type": "String check",
          "rulenumber": "TC-106",
          "columns": [
            "active"
          ],
          "constraints": {
            "ignorecase": "yes"
          },
          "classification": {
            "min": "classification1",
            "max": "classification2",
            "min_max": "classification3",
            "other": "classification4"
          },
          "description": "The order status must be one of the predefined acceptable values.",
          "valid_values": [
            "Active (1)"
          ]
        },
        {
          "type": "String check",
          "rulenumber": "TC-107",
          "columns": [
            "active"
          ],
          "constraints": {
            "ignorecase": "yes"
          },
          "classification": {
            "min": "classification1",
            "max": "classification2",
            "min_max": "classification3",
            "other": "classification4"
          },
          "description": "The order status 'Active' indicates that the order is currently active in the order book.",
          "valid_values": [
            "Active (1)"
          ]
        }
      ],
      "indexMarket": [
        {
          "type": "Date check",
          "rulenumber": "TC-108",
          "columns": [
            "indexMarket"
          ],
          "description": "The date and time of the Index Price calculation must be in UTC.",
          "format": "ISO 8601"
        },
        {
          "type": "Date check",
          "rulenumber": "TC-109",
          "columns": [
            "indexMarket"
          ],
          "description": "The date and time of the Index Price distribution must be in UTC.",
          "format": "ISO 8601"
        },
        {
          "type": "Numerical check",
          "rulenumber": "TC-110",
          "columns": [
            "indexMarket"
          ],
          "description": "The timestamp must be a valid Unix timestamp representing the time at which the message was sent in UTC.",
          "constraints": {
            "min": 0
          },
          "classification": {
            "min": "classification1",
            "max": "classification2",
            "min_max": "classification3",
            "other": "classification4"
          }
        },
        {
          "type": "Numerical check",
          "rulenumber": "TC-111",
          "columns": [
            "indexMarket"
          ],
          "description": "The orderBookId must be a positive integer representing the order book the index price is for.",
          "constraints": {
            "min": 1
          },
          "classification": {
            "min": "classification1",
            "max": "classification2",
            "min_max": "classification3",
            "other": "classification4"
          }
        },
        {
          "type": "Numerical check",
          "rulenumber": "TC-112",
          "columns": [
            "indexMarket"
          ],
          "description": "The price must be a valid long integer representing the index price.",
          "constraints": {
            "min": 0
          },
          "classification": {
            "min": "classification1",
            "max": "classification2",
            "min_max": "classification3",
            "other": "classification4"
          }
        },
        {
          "type": "Numerical check",
          "rulenumber": "TC-113",
          "columns": [
            "indexMarket"
          ],
          "description": "The changePrevious must be an integer representing the percentage change since the previous corresponding information dissemination.",
          "constraints": {
            "min": -100,
            "max": 100
          },
          "classification": {
            "min": "classification1",
            "max": "classification2",
            "min_max": "classification3",
            "other": "classification4"
          }
        },
        {
          "type": "Numerical check",
          "rulenumber": "TC-114",
          "columns": [
            "indexMarket"
          ],
          "description": "The changeYesterday must be an integer representing the percentage change compared to the previous day's value.",
          "constraints": {
            "min": -100,
            "max": 100
          },
          "classification": {
            "min": "classification1",
            "max": "classification2",
            "min_max": "classification3",
            "other": "classification4"
          }
        },
        {
          "type": "Numerical check",
          "rulenumber": "TC-115",
          "columns": [
            "indexMarket"
          ],
          "description": "The pointsOfMovement must be an integer representing the change between two index values expressed as number of points.",
          "constraints": {
            "min": 0
          },
          "classification": {
            "min": "classification1",
            "max": "classification2",
            "min_max": "classification3",
            "other": "classification4"
          }
        }
      ],
      "nominalValue": [
        {
          "type": "Numerical check",
          "rulenumber": "TC-116",
          "columns": [
            "nominalValue"
          ],
          "description": "The nominal value must be a positive long integer representing the face value or amount that will be repaid when the bond matures.",
          "constraints": {
            "min": 1
          },
          "classification": {
            "min": "classification1",
            "max": "classification2",
            "min_max": "classification3",
            "other": "classification4"
          },
          "format": "Long"
        },
        {
          "type": "Numerical check",
          "rulenumber": "TC-117",
          "columns": [
            "decimalsInNominalValue"
          ],
          "description": "The number of implicit decimals in the nominal value must be a non-negative integer.",
          "constraints": {
            "min": 0
          },
          "classification": {
            "min": "classification1",
            "max": "classification2",
            "min_max": "classification3",
            "other": "classification4"
          },
          "format": "Integer"
        }
      ],
      "decimalsInNominalValue": [
        {
          "type": "Numerical check",
          "rulenumber": "TC-118",
          "columns": [
            "decimalsInPrice"
          ],
          "description": "The number of decimal places in the price must be an integer.",
          "constraints": {
            "min": 0
          },
          "classification": {
            "min": "classification1",
            "max": "classification2",
            "min_max": "classification3",
            "other": "classification4"
          },
          "format": "Integer"
        },
        {
          "type": "Numerical check",
          "rulenumber": "TC-119",
          "columns": [
            "decimalsInPrice"
          ],
          "description": "The number of decimal places in the price must be within a reasonable range.",
          "constraints": {
            "min": 0,
            "max": 10
          },
          "classification": {
            "min": "classification1",
            "max": "classification2",
            "min_max": "classification3",
            "other": "classification4"
          },
          "format": "Integer"
        }
      ],
      "fixedIncomeType": [
        {
          "type": "String check",
          "rulenumber": "TC-120",
          "columns": [
            "fixedIncomeType"
          ],
          "constraints": {
            "ignorecase": "yes"
          },
          "classification": {
            "min": "classification1",
            "max": "classification2",
            "min_max": "classification3",
            "other": "classification4"
          },
          "description": "The fixedIncomeType must be one of the predefined acceptable values.",
          "valid_values": [
            "Market to limit order",
            "Passive order",
            "Only at best order",
            "Pegged to best price order",
            "Odd lot order",
            "Imbalance Order"
          ]
        },
        {
          "type": "String check",
          "rulenumber": "TC-121",
          "columns": [
            "fixedIncomeType"
          ],
          "constraints": {
            "ignorecase": "yes"
          },
          "classification": {
            "min": "classification1",
            "max": "classification2",
            "min_max": "classification3",
            "other": "classification4"
          },
          "description": "The fixedIncomeType must be a non-empty string."
        }
      ],
      "couponInterest": [
        {
          "type": "Numerical check",
          "rulenumber": "TC-122",
          "columns": [
            "couponInterest"
          ],
          "description": "The interest rate of the bond must be a long integer with 6 implicit decimals.",
          "constraints": {
            "min": 0
          },
          "classification": {
            "min": "classification1",
            "max": "classification2",
            "min_max": "classification3",
            "other": "classification4"
          },
          "format": "Long"
        },
        {
          "type": "Format check",
          "rulenumber": "TC-123",
          "columns": [
            "couponInterest"
          ],
          "constraints": {
            "min": 0
          },
          "classification": {
            "min": "classification1",
            "max": "classification2",
            "min_max": "classification3",
            "other": "classification4"
          },
          "description": "The interest rate of the bond must be represented as a long integer with 6 implicit decimals.",
          "format": "Long"
        }
      ],
      "couponFrequency": [
        {
          "type": "Numerical check",
          "rulenumber": "TC-124",
          "columns": [
            "couponFrequency"
          ],
          "description": "The couponFrequency must be a positive integer representing the number of coupons per year.",
          "constraints": {
            "min": 1
          },
          "classification": {
            "min": "classification1",
            "max": "classification2",
            "min_max": "classification3",
            "other": "classification4"
          },
          "format": "Integer"
        },
        {
          "type": "Numerical check",
          "rulenumber": "TC-125",
          "columns": [
            "couponFrequency"
          ],
          "description": "The couponFrequency should not exceed a reasonable upper limit for the number of coupons per year.",
          "constraints": {
            "max": 12
          },
          "classification": {
            "min": "classification1",
            "max": "classification2",
            "min_max": "classification3",
            "other": "classification4"
          },
          "format": "Integer"
        }
      ],
      "nextCouponDate": [
        {
          "type": "Date check",
          "rulenumber": "TC-126",
          "columns": [
            "nextCouponDate"
          ],
          "description": "The nextCouponDate must be a valid date.",
          "format": "ISO 8601",
          "exclusions": [
            "If the fixedIncomeType is 0 (Undefined)"
          ]
        },
        {
          "type": "Date check",
          "rulenumber": "TC-127",
          "columns": [
            "nextCouponDate"
          ],
          "description": "The nextCouponDate must be in the future relative to the current date.",
          "exclusions": [
            "If the fixedIncomeType is 0 (Undefined)"
          ]
        }
      ],
      "dayCountConvention": [
        {
          "type": "String check",
          "rulenumber": "TC-128",
          "columns": [
            "dayCountConvention"
          ],
          "constraints": {
            "ignorecase": "yes"
          },
          "classification": {
            "min": "classification1",
            "max": "classification2",
            "min_max": "classification3",
            "other": "classification4"
          },
          "description": "The day count convention must be a valid predefined value as per the protocol specification.",
          "valid_values": [
            "6",
            "7",
            "8",
            "9",
            "10",
            "11",
            "12",
            "13",
            "15",
            "19",
            "20",
            "21",
            "23",
            "24",
            "25",
            "26",
            "27",
            "28",
            "29",
            "30",
            "31",
            "34",
            "35",
            "36",
            "37",
            "38",
            "39",
            "40",
            "41",
            "42",
            "43",
            "48",
            "49",
            "50",
            "51"
          ]
        },
        {
          "type": "String check",
          "rulenumber": "TC-129",
          "columns": [
            "dayCountConvention"
          ],
          "constraints": {
            "ignorecase": "yes"
          },
          "classification": {
            "min": "classification1",
            "max": "classification2",
            "min_max": "classification3",
            "other": "classification4"
          },
          "description": "The day count convention must be a numeric string.",
          "format": "Numeric string"
        }
      ],
      "datedDate": [
        {
          "type": "Date check",
          "rulenumber": "TC-130",
          "columns": [
            "datedDate"
          ],
          "description": "The datedDate field must be a valid date in UTC time.",
          "format": "Unix timestamp"
        },
        {
          "type": "Default value check",
          "rulenumber": "TC-131",
          "columns": [
            "datedDate"
          ],
          "description": "The datedDate field should be set to zero if not specified.",
          "default_value": 0
        }
      ],
      "combinationLegs": [
        {
          "type": "Valid Values Check",
          "rulenumber": "TC-132",
          "columns": [
            "combinationLegs"
          ],
          "description": "Ensure that the combinationLegs parameter has a valid groupType.",
          "valid_values": [
            "0",
            "1",
            "2",
            "3",
            "4",
            "5",
            "6",
            "7",
            "8",
            "9",
            "10",
            "11",
            "12",
            "13",
            "14",
            "15"
          ]
        },
        {
          "type": "Valid Values Check",
          "rulenumber": "TC-133",
          "columns": [
            "combinationLegs"
          ],
          "description": "Ensure that the combinationLegs parameter has a valid optionType.",
          "valid_values": [
            "0",
            "1",
            "2"
          ]
        },
        {
          "type": "Valid Values Check",
          "rulenumber": "TC-134",
          "columns": [
            "combinationLegs"
          ],
          "description": "Ensure that the combinationLegs parameter has a valid optionStyle.",
          "valid_values": [
            "0",
            "1",
            "2",
            "3",
            "4",
            "5",
            "6",
            "7",
            "8"
          ]
        },
        {
          "type": "Valid Values Check",
          "rulenumber": "TC-135",
          "columns": [
            "combinationLegs"
          ],
          "description": "Ensure that the combinationLegs parameter has a valid currencyUnit.",
          "valid_values": [
            "0",
            "1",
            "2"
          ]
        },
        {
          "type": "Valid Values Check",
          "rulenumber": "TC-136",
          "columns": [
            "combinationLegs"
          ],
          "description": "Ensure that the combinationLegs parameter has a valid priceUnit.",
          "valid_values": [
            "0",
            "1",
            "2",
            "3",
            "4",
            "5",
            "6",
            "7",
            "8"
          ]
        }
      ],
      "tradingAtSettlement": [
        {
          "type": "Date check",
          "rulenumber": "TC-137",
          "columns": [
            "settlementDate"
          ],
          "description": "The settlement date must be a valid date in UTC time.",
          "format": "UTC time"
        },
        {
          "type": "String check",
          "rulenumber": "TC-138",
          "columns": [
            "giveUpParticipant"
          ],
          "constraints": {
            "ignorecase": "yes"
          },
          "classification": {
            "min": "classification1",
            "max": "classification2",
            "min_max": "classification3",
            "other": "classification4"
          },
          "description": "The giveUpParticipant field should be a char array of length 7, optionally prefixed with a 2 character country code.",
          "format": "Char array of length 7"
        },
        {
          "type": "Numerical check",
          "rulenumber": "TC-139",
          "columns": [
            "tradeSlipNumber"
          ],
          "description": "The trade slip number must start with '1', followed by a day count, instance identifier, and a sequential number.",
          "constraints": {
            "min": 10000001,
            "max": 19999999
          },
          "classification": {
            "min": "classification1",
            "max": "classification2",
            "min_max": "classification3",
            "other": "classification4"
          }
        },
        {
          "type": "Numerical check",
          "rulenumber": "TC-140",
          "columns": [
            "tradeNumber"
          ],
          "description": "The trade number must be an increasing sequence number unique within Instance and Instrument type.",
          "constraints": {
            "min": 1
          },
          "classification": {
            "min": "classification1",
            "max": "classification2",
            "min_max": "classification3",
            "other": "classification4"
          }
        },
        {
          "type": "String check",
          "rulenumber": "TC-141",
          "columns": [
            "accountId"
          ],
          "constraints": {
            "ignorecase": "yes"
          },
          "classification": {
            "min": "classification1",
            "max": "classification2",
            "min_max": "classification3",
            "other": "classification4"
          },
          "description": "The accountId field should be a char array containing the account used for the deal.",
          "format": "Char array"
        },
        {
          "type": "String check",
          "rulenumber": "TC-142",
          "columns": [
            "customerInfo"
          ],
          "constraints": {
            "ignorecase": "yes"
          },
          "classification": {
            "min": "classification1",
            "max": "classification2",
            "min_max": "classification3",
            "other": "classification4"
          },
          "description": "The customerInfo field should be a free text field filled in by the client entering the transaction.",
          "format": "Char array"
        },
        {
          "type": "Numerical check",
          "rulenumber": "TC-143",
          "columns": [
            "quantity"
          ],
          "description": "The traded quantity must be a valid numerical value.",
          "constraints": {
            "min": 1
          },
          "classification": {
            "min": "classification1",
            "max": "classification2",
            "min_max": "classification3",
            "other": "classification4"
          }
        },
        {
          "type": "Numerical check",
          "rulenumber":"TC-144",
          "columns": [
            "price"
          ],
          "description": "The trade price must be a valid numerical value.",
          "constraints": {
            "min": 0
          },
          "classification": {
            "min": "classification1",
            "max": "classification2",
            "min_max": "classification3",
            "other": "classification4"
          }
        },
        {
          "type": "String check",
          "rulenumber": "TC-145",
          "columns": [
            "side"
          ],
          "constraints": {
            "ignorecase": "yes"
          },
          "classification": {
            "min": "classification1",
            "max": "classification2",
            "min_max": "classification3",
            "other": "classification4"
          },
          "description": "The side field must indicate whether the trader is a buyer or seller.",
          "valid_values": [
            "Buyer",
            "Seller"
          ]
        },
        {
          "type": "String check",
          "rulenumber": "TC-146",
          "columns": [
            "dealSource"
          ],
          "constraints": {
            "ignorecase": "yes"
          },
          "classification": {
            "min": "classification1",
            "max": "classification2",
            "min_max": "classification3",
            "other": "classification4"
          },
          "description": "The dealSource field specifies the circumstances under which the deal was made, such as in continuous matching or in the opening auction.",
          "valid_values": [
            "continuous matching",
            "opening auction"
          ]
        }
      ],
      "action": [
        {
          "type": "String check",
          "rulenumber": "TC-147",
          "columns": [
            "orderStatus"
          ],
          "constraints": {
            "ignorecase": "yes"
          },
          "classification": {
            "min": "classification1",
            "max": "classification2",
            "min_max": "classification3",
            "other": "classification4"
          },
          "description": "The order status must be one of the predefined acceptable values.",
          "valid_values": [
            "Incoming (2)",
            "New (6)",
            "Active (1)",
            "Trade (3)",
            "Untriggered (3)",
            "Triggered (12)",
            "Updated (5)"
          ]
        },
        {
          "type": "Numerical check",
          "rulenumber": "TC-148",
          "columns": [
            "orderQuantity",
            "tradedQuantity",
            "leavesQuantity"
          ],
          "description": "The quantities must be non-negative integers.",
          "constraints": {
            "min": 0
          },
          "classification": {
            "min": "classification1",
            "max": "classification2",
            "min_max": "classification3",
            "other": "classification4"
          }
        },
        {
          "type": "String check",
          "rulenumber": "TC-149",
          "columns": [
            "changeReason"
          ],
          "constraints": {
            "ignorecase": "yes"
          },
          "classification": {
            "min": "classification1",
            "max": "classification2",
            "min_max": "classification3",
            "other": "classification4"
          },
          "description": "The change reason must be one of the predefined acceptable values.",
          "valid_values": [
            "New (6)",
            "Trade (3)",
            "Auto (1)",
            "Updated (5)"
          ]
        },
        {
          "type": "String check",
          "rulenumber": "TC-150",
          "columns": [
            "dealSource"
          ],
          "constraints": {
            "ignorecase": "yes"
          },
          "classification": {
            "min": "classification1",
            "max": "classification2",
            "min_max": "classification3",
            "other": "classification4"
          },
          "description": "The deal source must be one of the predefined acceptable values.",
          "valid_values": [
            "Auto (1)"
          ]
        },
        {
          "type": "Numerical check",
          "rulenumber": "TC-151",
          "columns": [
            "price"
          ],
          "description": "The price must be a positive integer.",
          "constraints": {
            "min": 1
          },
          "classification": {
            "min": "classification1",
            "max": "classification2",
            "min_max": "classification3",
            "other": "classification4"
          }
        }
      ],
      "participantDefined": [
        {
          "type": "String check",
          "rulenumber": "TC-152",
          "columns": [
            "participantName"
          ],
          "constraints": {
            "ignorecase": "yes"
          },
          "classification": {
            "min": "classification1",
            "max": "classification2",
            "min_max": "classification3",
            "other": "classification4"
          },
          "description": "The participantName must be a unique string and unchanged as long as the participant exists in the reference data.",
          "format": "String",
          "relations": [],
          "valid_values": [],
          "default_value": "",
          "exclusions": []
        },
        {
          "type": "Numerical check",
          "rulenumber": "TC-153",
          "columns": [
            "id"
          ],
          "description": "The id must be a unique integer and unchanged as long as the participant exists in the reference data.",
          "constraints": {
            "min": 1
          },
          "classification": {
            "min": "classification1",
            "max": "classification2",
            "min_max": "classification3",
            "other": "classification4"
          },
          "format": "Integer",
          "relations": [],
          "valid_values": [],
          "default_value": "",
          "exclusions": []
        },
        {
          "type": "Boolean check",
          "rulenumber": "TC-154",
          "columns": [
            "active"
          ],
          "description": "The active field specifies if the participant is active or suspended.",
          "constraints": {},
          "format": "Boolean",
          "relations": [],
          "valid_values": [
            "true",
            "false"
          ],
          "default_value": "true",
          "classification": {},
          "exclusions": []
        },
        {
          "type": "Numerical check",
          "rulenumber": "TC-155",
          "columns": [
            "exchangeId"
          ],
          "description": "The exchangeId must be a numeric identification of the exchange the participant is connected to.",
          "constraints": {
            "min": 1
          },
          "classification": {
            "min": "classification1",
            "max": "classification2",
            "min_max": "classification3",
            "other": "classification4"
          },
          "format": "Short",
          "relations": [],
          "valid_values": [],
          "default_value": "",
          "exclusions": []
        },
        {
          "type": "String check",
          "rulenumber": "TC-156",
          "columns": [
            "exchangeName"
          ],
          "constraints": {
            "ignorecase": "yes"
          },
          "classification": {
            "min": "classification1",
            "max": "classification2",
            "min_max": "classification3",
            "other": "classification4"
          },
          "description": "The exchangeName must be a string representing the name of the exchange.",
          "format": "String",
          "relations": [],
          "valid_values": [],
          "default_value": "",
          "exclusions": []
        },
        {
          "type": "Byte check",
          "rulenumber": "TC-157",
          "columns": [
            "participantType"
          ],
          "description": "The participantType must be a byte representing the type of participant, such as General Clearing Member or Non Clearing Member.",
          "constraints": {
            "min": 0,
            "max": 127
          },
          "format": "Byte",
          "relations": [],
          "valid_values": [],
          "default_value": "",
          "classification": {},
          "exclusions": []
        },
        {
          "type": "Byte check",
          "rulenumber": "TC-158",
          "columns": [
            "action"
          ],
          "description": "The action field must be a byte representing the action type: New, Update, or Delete.",
          "constraints": {
            "min": 0,
            "max": 2
          },
          "format": "Byte",
          "relations": [],
          "valid_values": [
            "0",
            "1",
            "2"
          ],
          "default_value": "",
          "classification": {},
          "exclusions": []
        },
        {
          "type": "String check",
          "rulenumber": "TC-159",
          "columns": [
            "clearingHouseId"
          ],
          "constraints": {
            "ignorecase": "yes"
          },
          "classification": {
            "min": "classification1",
            "max": "classification2",
            "min_max": "classification3",
            "other": "classification4"
          },
          "description": "The clearingHouseId must be a string representing the Clearing House ID for the participant.",
          "format": "String",
          "relations": [],
          "valid_values": [],
          "default_value": "",
          "exclusions": []
        },
        {
          "type": "String check",
          "rulenumber": "TC-160",
          "columns": [
            "organisationNumber"
          ],
          "constraints": {
            "ignorecase": "yes"
          },
          "classification": {
            "min": "classification1",
            "max": "classification2",
            "min_max": "classification3",
            "other": "classification4"
          },
          "description": "The organisationNumber must be a string representing the participant’s organization number.",
          "format": "String",
          "relations": [],
          "valid_values": [],
          "default_value": "",
          "exclusions": []
        }
      ],
      "contractName": [
        {
          "type": "String check",
          "rulenumber": "TC-161",
          "columns": [
            "contractName"
          ],
          "constraints": {
            "ignorecase": "yes"
          },
          "classification": {
            "min": "classification1",
            "max": "classification2",
            "min_max": "classification3",
            "other": "classification4"
          },
          "description": "The contract name must be a valid string.",
          "format": "String"
        },
        {
          "type": "Length check",
          "rulenumber": "TC-162",
          "columns": [
            "contractName"
          ],
          "description": "The contract name should not be empty and must have a reasonable length."
        }
      ],
      "tradedInGenium": [
        {
          "type": "String check",
          "rulenumber": "TC-163",
          "columns": [
            "tradedInGenium"
          ],
          "constraints": {
            "ignorecase": "yes"
          },
          "classification": {
            "min": "classification1",
            "max": "classification2",
            "min_max": "classification3",
            "other": "classification4"
          },
          "description": "The tradedInGenium field must be a valid string.",
          "format": "ASCII"
        },
        {
          "type": "Valid values check",
          "rulenumber": "TC-164",
          "columns": [
            "tradedInGenium"
          ],
          "description": "The tradedInGenium field must contain one of the predefined acceptable values.",
          "valid_values": [
            "0",
            "1",
            "2",
            "3",
            "4",
            "5",
            "6",
            "7"
          ]
        },
        {
          "type": "Default value check",
          "rulenumber": "TC-165",
          "columns": [
            "tradedInGenium"
          ],
          "description": "If the tradedInGenium field is not provided, it should default to '0'.",
          "default_value": "0"
        }
      ],
      "businessDate": [
        {
          "type": "Date check",
          "rulenumber": "TC-166",
          "columns": [
            "businessDate"
          ],
          "description": "The businessDate must be a valid UTC timestamp.",
          "format": "Unix timestamp"
        },
        {
          "type": "Date check",
          "rulenumber": "TC-167",
          "columns": [
            "businessDate"
          ],
          "description": "The businessDate should represent the current business date at the time of the event.",
          "format": "Unix timestamp"
        }
      ],
      "isinCode": [
        {
          "type": "String check",
          "rulenumber": "TC-168",
          "columns": [
            "isinCode"
          ],
          "constraints": {
            "ignorecase": "yes"
          },
          "classification": {
            "min": "classification1",
            "max": "classification2",
            "min_max": "classification3",
            "other": "classification4"
          },
          "description": "ISIN code must be a 12-character alphanumeric string.",
          "format": "^[A-Z]{2}[A-Z0-9]{10}$"
        },
        {
          "type": "String check",
          "rulenumber": "TC-169",
          "columns": [
            "isinCode"
          ],
          "constraints": {
            "ignorecase": "yes"
          },
          "classification": {
            "min": "classification1",
            "max": "classification2",
            "min_max": "classification3",
            "other": "classification4"
          },
          "description": "ISIN code must start with a two-letter country code.",
          "format": "^[A-Z]{2}"
        },
        {
          "type": "String check",
          "rulenumber": "TC-170",
          "columns": [
            "isinCode"
          ],
          "constraints": {
            "ignorecase": "yes"
          },
          "classification": {
            "min": "classification1",
            "max": "classification2",
            "min_max": "classification3",
            "other": "classification4"
          },
          "description": "ISIN code must not contain any special characters.",
          "format": "String"
        }
      ],
      "upperLevelOrderBookId": [
        {
          "type": "Integer check",
          "rulenumber": "TC-171",
          "columns": [
            "upperLevelOrderBookId"
          ],
          "description": "The upperLevelOrderBookId must be a valid integer representing the numeric identification of the upper level OrderBook.",
          "constraints": {
            "min": 1
          },
          "format": "Integer"
        },
        {
          "type": "Existence check",
          "rulenumber": "TC-172",
          "columns": [
            "upperLevelOrderBookId"
          ],
          "description": "The upperLevelOrderBookId must be present and not null to ensure the identification of the upper level OrderBook.",
          "constraints": {},
          "format": "Integer"
        }
      ],
      "instrumentClassId": [
        {
          "type": "String check",
          "rulenumber": "TC-173",
          "columns": [
            "instrumentClassId"
          ],
          "constraints": {
            "ignorecase": "yes"
          },
          "classification": {
            "min": "classification1",
            "max": "classification2",
            "min_max": "classification3",
            "other": "classification4"
          },
          "description": "The instrumentClassId must be a string.",
          "format": "String"
        },
        {
          "type": "Length check",
          "rulenumber": "TC-174",
          "columns": [
            "instrumentClassId"
          ],
          "description": "The instrumentClassId should not be empty and must have a length greater than 0.",
          "constraints": {
            "min": 1
          }
        }
      ],
      "derivativeLevel": [
        {
          "type": "Value check",
          "rulenumber": "TC-175",
          "columns": [
            "level"
          ],
          "description": "The level parameter must be one of the predefined acceptable values.",
          "valid_values": [
            "1",
            "2",
            "3",
            "4",
            "5"
          ]
        },
        {
          "type": "Dependency check",
          "rulenumber": "TC-176",
          "columns": [
            "level",
            "exchangeId",
            "marketId",
            "instrumentGroupId",
            "underlyingId"
          ],
          "description": "Certain levels require additional parameters to be present. For example, level 2 requires exchangeId, marketId, and instrumentGroupId.",
          "relations": [
            {
              "level": "2",
              "required_fields": [
                "exchangeId",
                "marketId",
                "instrumentGroupId"
              ]
            },
            {
              "level": "3",
              "required_fields": [
                "exchangeId",
                "marketId",
                "instrumentGroupId",
                "underlyingId"
              ]
            }
          ]
        }
      ],
      "decimalsInContractSize": [
        {
          "type": "Numerical check",
          "rulenumber": "TC-177",
          "columns": [
            "decimalsInPrice"
          ],
          "description": "The number of decimal places in the price must be an integer.",
          "constraints": {
            "min": 0,
            "max": 10
          },
          "classification": {
            "min": "classification1",
            "max": "classification2",
            "min_max": "classification3",
            "other": "classification4"
          }
        },
        {
          "type": "Valid values check",
          "rulenumber": "TC-178",
          "columns": [
            "decimalsInPrice"
          ],
          "description": "The number of decimal places in the price must be within a valid range.",
          "valid_values": [
            0,
            1,
            2,
            3,
            4,
            5,
            6,
            7,
            8,
            9,
            10
          ]
        }
      ],
      "decimalsInTermCurrencyQuantity": [
        {
          "type": "Numerical check",
          "rulenumber": "TC-179",
          "columns": [
            "decimalsInPrice"
          ],
          "description": "The decimalsInPrice field must be an integer value.",
          "constraints": {
            "min": 0
          },
          "classification": {
            "min": "classification1",
            "max": "classification2",
            "min_max": "classification3",
            "other": "classification4"
          },
          "format": "Integer"
        },
        {
          "type": "Range check",
          "rulenumber": "TC-180",
          "columns": [
            "decimalsInPrice"
          ],
          "description": "The decimalsInPrice field must be within a valid range.",
          "constraints": {
            "min": 0,
            "max": 10
          }
        }
      ]
    }
  }